row_id,action_id,description,text
23654,prQsfukk7k7dpca4afq4z7slfnQ0krcY,forcing my adult sisters to save some money before releasing their inheritance to them,Action: forcing my adult sisters to save some money before releasing their inheritance to them
21226,kZPOtcdH7fYYx4t76isPFbnQuMAsD9mn,being wary of my boyfriend who still seems pretty hurt about a girl who he loved but couldn't marry because he was a different ethnicity than her? she couldn't abandon her family at the time and he said if he could have supported her at the time she would have,Action: being wary of my boyfriend who still seems pretty hurt about a girl who he loved but couldn't marry because he was a different ethnicity than her? she couldn't abandon her family at the time and he said if he could have supported her at the time she would have
24790,sItNaHTqBs0UdJuak3UAXB6Unu9skq9Y,thinking there may have been a small possibility my UTI was a STD,Action: thinking there may have been a small possibility my UTI was a STD
20597,jAKY0cfankrId7YxmCEfPPNX0hwezsfZ,shutdowning a potential client for 1 response,Action: shutdowning a potential client for 1 response
124,0HupTNWylpTvKUGQRW9LGjGxTumCKicF,filing a complaint against a state government employee with the Office of the Ombudsman before trying to resolve the issue directly with the agency or worker involved first,Action: filing a complaint against a state government employee with the Office of the Ombudsman before trying to resolve the issue directly with the agency or worker involved first
584,1Maqf2vRkXyJ8k161HLBCJTlC3xt0Jxr,posting our messages on Instagram,Action: posting our messages on Instagram
12844,S5siVGTzQ2AOmfrzkNjBbK0iiyOf2ZQJ,deleting songs of the group spotify playlist,Action: deleting songs of the group spotify playlist
22519,nLMdI8lGROH4YfrBJ4dux800mOnOQEOg,"calling out a couple who are displaying EXPLICIT PDA? I'm trying to study for finals this week at my College Library, and this couple is obviously having oral. I fucking called them out from across the table. I noticed the head bobbing up and down from the corner of my eye","Action: calling out a couple who are displaying EXPLICIT PDA? I'm trying to study for finals this week at my College Library, and this couple is obviously having oral. I fucking called them out from across the table. I noticed the head bobbing up and down from the corner of my eye"
20404,ijReNIMGSjjt0SNZc8Ck3432Xu8a3ARP,still admiring Kevin Spacey's previous performances in his movies,Action: still admiring Kevin Spacey's previous performances in his movies
9205,KFSmOw08GtAjVCnxNOAQGl88SBXJQob0,"wanting to pursue a girl that roommate wants? Context girl we both just met, hes been texting her for a couple of days she and few other friends come over and she sits next to me entire night and lays her head right next to lap. she's also leaving for deployment so it wouldn't be a","Action: wanting to pursue a girl that roommate wants? Context girl we both just met, hes been texting her for a couple of days she and few other friends come over and she sits next to me entire night and lays her head right next to lap. she's also leaving for deployment so it wouldn't be a"
11409,OxCsjmwiglKRgErr1EaPTfeEeizEDrfV,forcing a free resize on a ring,Action: forcing a free resize on a ring
9152,K8xAILuS6ZruBSoGOkKikc9V8nKxkmv8,installing a plastic cage over the thermostat,Action: installing a plastic cage over the thermostat
3790,8MERzGrma6eFggSLrRDBTFdGd2M4NhAY,"saying ""I believe every woman should have the right to abortion but I would rather have a vasectomy than have my partner to abort my child unless there's danger to the mother's health"" when my friend asked my stance on abortion","Action: saying ""I believe every woman should have the right to abortion but I would rather have a vasectomy than have my partner to abort my child unless there's danger to the mother's health"" when my friend asked my stance on abortion"
18443,eTAUmXR1bMpK5RIAzZnOn1iI3Zzb1OnS,getting mad at work and probably leaving because I wasn't even interviewed for a minor promotion? I had trained for the job for over a year. the new boss hired someone she knew from another location,Action: getting mad at work and probably leaving because I wasn't even interviewed for a minor promotion? I had trained for the job for over a year. the new boss hired someone she knew from another location
27439,y9yU5IF5pg9t4HiBgFIykkljvNloiC2v,making a pun about the country Chili to someone who was from Chili,Action: making a pun about the country Chili to someone who was from Chili
18824,fGmiCyWYCQfw4IADHEky8XjRNThliwrq,"asking my so that I emigrated for and live with to ask if he can check out and maybe change my license? I work 40 hours, just started 2 weeks, he is unemployed","Action: asking my so that I emigrated for and live with to ask if he can check out and maybe change my license? I work 40 hours, just started 2 weeks, he is unemployed"
23261,owZQcURcW3BWrIFYRbAjlnOKVhMurEz6,asking for a refund for shoes I bought from my regular store but found cheaper elsewhere,Action: asking for a refund for shoes I bought from my regular store but found cheaper elsewhere
12781,Rx8xJ8dTmXMQeqDIhAShwHMD6MfvFJQr,"wanting to roleplay my downtime in Dungeons and Dragons, but the DM wants me to roleplay downtime outside of the game","Action: wanting to roleplay my downtime in Dungeons and Dragons, but the DM wants me to roleplay downtime outside of the game"
20518,j0jPAqrAxacmPcNVvNpMF1GtRUBPO9AF,answering a journalist questions about my work making artillery ammunition,Action: answering a journalist questions about my work making artillery ammunition
3843,8S7ApJtfhL1sQqfFyluX63ZyGd76fjnG,worrying about not finding my Wife Attractive Post-gastric Bypass Surgery,Action: worrying about not finding my Wife Attractive Post-gastric Bypass Surgery
12872,S8kIlIxlfn2oLVKCHVuu38MZdEwhlKDy,"walking along a wide sidewalk, and a large group of men are walking in my direction","Action: walking along a wide sidewalk, and a large group of men are walking in my direction"
11203,OZab0cU6kx3kvh3xHprmi9PdJfEwGHKb,saying that some dogs can eat a vegan diet,Action: saying that some dogs can eat a vegan diet
15749,YRcwkX4F3eYzoo0h15QGUoHGXgrd0biz,not being able to communicate in a long distance relationship during competitive exams,Action: not being able to communicate in a long distance relationship during competitive exams
28290,zz0AFjMDJFMQyWLCf1NMwAVfRMPSjdtT,using a black character in NBA2K19,Action: using a black character in NBA2K19
18144,dqSgeZS8Bjg9zcHqpCYE2CQb9Bo29IVC,driving exactly the speed limit in the left lane during a heavy rainstorm,Action: driving exactly the speed limit in the left lane during a heavy rainstorm
17710,csJHlMWIUC5lg4i573nh0Bd3hDHlbd4a,"lying to my now-husband about being pregnant? it's five years in, we just had our first baby and a great marriage but the guilt just eats at me night and day","Action: lying to my now-husband about being pregnant? it's five years in, we just had our first baby and a great marriage but the guilt just eats at me night and day"
17539,cUPXK4SOiam9J6vwNOM3LsstVhwfZa2k,disagreeing vehemently with my college-aged daughter about the use of punctuation in text messages? does using a period in a text message make one look angry,Action: disagreeing vehemently with my college-aged daughter about the use of punctuation in text messages? does using a period in a text message make one look angry
26026,v1hzRJvE11qsyhyoneDoJTCXOTP3lK4h,ending a friendship of 8 years by deleting her number and quitting all group-chats she is in? I sometimes feel bad about it but I'm so relieved I have cut this person out of my life,Action: ending a friendship of 8 years by deleting her number and quitting all group-chats she is in? I sometimes feel bad about it but I'm so relieved I have cut this person out of my life
7675,GqfgNWgzEAz6Cd6xuEEyK5wdv2UBGUe5,working in the oilfield industry (because of the high pay) even though I believe it's destroying the Earth? I vote democrat and minimize my carbon footprint,Action: working in the oilfield industry (because of the high pay) even though I believe it's destroying the Earth? I vote democrat and minimize my carbon footprint
16844,azrHZgvRUvBK7DDWrXsTRvJ59jHNWYEb,suggesting that religious students don't need a special new on-campus space for prayer,Action: suggesting that religious students don't need a special new on-campus space for prayer
20630,jE3ulFPgbQZz08jsOSkXbu7GzbRyesBS,"keeping being invited out to dinner with a guest speaker from another university by my professor, and being always too busy. he hosts a lecture before the dinner which I have attended three or four times, missing only one","Action: keeping being invited out to dinner with a guest speaker from another university by my professor, and being always too busy. he hosts a lecture before the dinner which I have attended three or four times, missing only one"
8409,IVJhDxWUt9DZLOGltOko3ztrVo2aLsxO,"tipping after long wait, terrible service, and under cooked food","Action: tipping after long wait, terrible service, and under cooked food"
26793,wimGhztsU8f6utHqOmOdkKrHVtC6I9NK,planning Easter activities with my kid close to a family member's death anniversary,Action: planning Easter activities with my kid close to a family member's death anniversary
19035,fjS1xw36caCMF1bOLKhig4dywhaLjCo4,asking my wife who was putting our son down for a nap to check and see if I had something in my eye after pulling a larger piece of wood out of it,Action: asking my wife who was putting our son down for a nap to check and see if I had something in my eye after pulling a larger piece of wood out of it
2170,4oQ7Pz70bPFPDmg3fYNyHCE5KRFdEeEl,suggesting that is would be acceptable for my wife to agree for a photographer to use some faceless erotic photos she has done of her in her portfolio,Action: suggesting that is would be acceptable for my wife to agree for a photographer to use some faceless erotic photos she has done of her in her portfolio
1794,3zKIJn87Q0Eb05Z5MHWJ6h2wM2MEX2vJ,leaving 3 months early from an apartment that was rented to me as a favor and I didn't have to sign a lease but more so on a good word,Action: leaving 3 months early from an apartment that was rented to me as a favor and I didn't have to sign a lease but more so on a good word
14561,VtgYzE9QosQd7mvIABTtHIaNYU6TIMji,using BCC emails,Action: using BCC emails
18520,eeQ3zE9JLgtwS4HZOTKkeHyIiGKYUPUg,making plans on the weekend I said my friend and I would finish a song,Action: making plans on the weekend I said my friend and I would finish a song
8591,IuOFKPsDQhrBAGnOyJ1V0m4YUFceU7Ky,pointing out someone's potential racism,Action: pointing out someone's potential racism
18103,dkedKOctOGZiPMEjMABj0hyOh6VZJ3uZ,"calling out of work with acute bronchitis, even though we're short staffed","Action: calling out of work with acute bronchitis, even though we're short staffed"
19795,hLxS5upmNUTL56q5hDPoMrIX7Ds7Pn7g,drinking if my bf gets anxious,Action: drinking if my bf gets anxious
15606,Y9jRwR9ufmm76cL0Ek5MrQkfsgkzTYHI,dating a man 28 years older than me? my parents are coming apart at the seams,Action: dating a man 28 years older than me? my parents are coming apart at the seams
6132,DULLoJ2kECskRJzSPmAMjQy67bRPPpDG,looking into my friend's skype account,Action: looking into my friend's skype account
6474,EHQMza5PT2rla5RaucGx2Ww7g5dfweq5,taking credit in a partner project I did on my own,Action: taking credit in a partner project I did on my own
20637,jFScgwvnKdF0f22IkNqVBaagp57QiyZs,telling a friend of mine that he needs to be careful with his Crosley because they ruin vinyl,Action: telling a friend of mine that he needs to be careful with his Crosley because they ruin vinyl
4916,AkQeiKr23xFKGzP4h3Hq1wOVkYVfFETM,delaying to write a card,Action: delaying to write a card
296,0eweAFPZwjEnu6byE8gM6QWkGpSP8Klh,cheering the road team at my local hockey team's arena,Action: cheering the road team at my local hockey team's arena
24060,qlHLN18Lgc0G2s5O0FGc8sM6Eah71CiO,taking a girl's laundry out of the washer,Action: taking a girl's laundry out of the washer
1129,2aXegtu7ZNt1hK9dQdtJnNenxv2B4sZy,talking at a normal volume late night if my neighbor is also loud,Action: talking at a normal volume late night if my neighbor is also loud
3024,6ckcIvqMS4fkx4VzdTee6ZOVPC5L9595,getting free japanese tutoring,Action: getting free japanese tutoring
22387,n2PJJTEYnv0nTyOvTFcR3o8I8aOdJWTp,changing my name legally? I hate my name,Action: changing my name legally? I hate my name
2852,6GmqypVwqwvQWseflUOhzOatSqHaM3HS,still going to Texas to buy a car,Action: still going to Texas to buy a car
3632,7xls3dxIn5kjQSj50649j7ENwnBRw77q,using the 'first class' lavatory to change my son since the aft lavatory was blocked by the trolley,Action: using the 'first class' lavatory to change my son since the aft lavatory was blocked by the trolley
17405,cBOeFWaeHEwIT8E0oTqzKZUv0Al3btWz,thinking was cool to visit a low diversity place where I blended right into the crowd,Action: thinking was cool to visit a low diversity place where I blended right into the crowd
20183,iDyoCb8D54RD8jitFS4vK66ZoldPCMuy,using the placebo effect as an analogy for hypno-therapy,Action: using the placebo effect as an analogy for hypno-therapy
5729,Cda1dx1FOr6sCHLvNYIXDGPMKzKbHyT3,declining and saying it's offensive to be asked by the bride to drive her bridal car? shes a relative,Action: declining and saying it's offensive to be asked by the bride to drive her bridal car? shes a relative
14079,UnRw8kATwkQVvylK7bkPtJ5kWN6J9RwD,telling my friend the only reason her twitch is more successful is because she is s girl? tl:DR,Action: telling my friend the only reason her twitch is more successful is because she is s girl? tl:DR
9937,LqgCdf7SEzL2om5N8oTawHFEKac8kpvQ,using my medical power of attorney over my mentally ill mother to put my car title in my name,Action: using my medical power of attorney over my mentally ill mother to put my car title in my name
25555,tySbwc71sxDf7oo3v7W5G1YFaSBVzHMo,saying to my work colleague she looks older than what she claims,Action: saying to my work colleague she looks older than what she claims
16374,ZwDGxyEtA41pcKpimO29N6UHha1yAsxX,sending so and his gun off the side of a cliff,Action: sending so and his gun off the side of a cliff
9748,LOUNwpriTZAMV1NxpTbIlgMq9IrvPay5,wanting to know when the medication for my sick kitten will arrive,Action: wanting to know when the medication for my sick kitten will arrive
5579,CI6W64mC60hekqzhQZs79f1VFIUad8dA,wanting to leave our 8 year old with my parents for 2 hrs to attend a Kickboxing class my wife and I pay for (a bit on the expensive side) that we can only attend 2 times a week and today is one of those days. more in comments,Action: wanting to leave our 8 year old with my parents for 2 hrs to attend a Kickboxing class my wife and I pay for (a bit on the expensive side) that we can only attend 2 times a week and today is one of those days. more in comments
2436,5MYrnFdug29YDyTZoduuVsvHwhYgGKU4,not fixing problems she stopped acknowledging,Action: not fixing problems she stopped acknowledging
1214,2lnebTVUj1n6EJCtV9TuZtOClC69GRzB,calling Uber's emergency support and the police non-emergency line because my co-ride in an Uber pool was a 5is year old girl and possibly got the Uber driver fired,Action: calling Uber's emergency support and the police non-emergency line because my co-ride in an Uber pool was a 5is year old girl and possibly got the Uber driver fired
9097,K2KjfSmuzul6928kNxvHbL14KmEwP4bn,"I was eliminating in fantasy football playoffs in a dynasty league that is disbanding after this season due to low activity/interest. the guy in first place won't be coming over to the new league and has low waiver wire priority, so I dropped Rodgers, McCaffrey, and Barkley. I said nothing","Action: I was eliminating in fantasy football playoffs in a dynasty league that is disbanding after this season due to low activity/interest. the guy in first place won't be coming over to the new league and has low waiver wire priority, so I dropped Rodgers, McCaffrey, and Barkley. I said nothing"
27225,xf3XNxwRBNqmblmg5ogxPEO7tY6NPuH8,making an inappropriate joke in Build-a-bear? think girl I was dating ghosted me and I really liked her,Action: making an inappropriate joke in Build-a-bear? think girl I was dating ghosted me and I really liked her
23364,pD5ctMlwWwEYrQuECqp6W12lGUSfFZjO,"doing this, even though we were undefined","Action: doing this, even though we were undefined"
21068,kExWnF9oKZ2nclqY8M0XRLOXMO9m1hTW,"not ever wanting kids not just because of how stressful the life of a parent is, but because I know I'd never be a happy person and would never really love them","Action: not ever wanting kids not just because of how stressful the life of a parent is, but because I know I'd never be a happy person and would never really love them"
21437,l1JO6RJ02lkNjRfQsiNJpW3EaaVHheGO,fighting over what food we buy at the supermarket because my mom converted to Muslim and saying everything has to be halaal now,Action: fighting over what food we buy at the supermarket because my mom converted to Muslim and saying everything has to be halaal now
4564,9yQE5Vq03jkBGTtR6zGUa3FQbQAj39cg,asking for a higher starting base salary in a commission based role,Action: asking for a higher starting base salary in a commission based role
18511,ectyVYkh541p3ZX46an8XBfxiOeDX3bB,telling an indie makeup brand that they need to list their product's ingredients,Action: telling an indie makeup brand that they need to list their product's ingredients
1046,2PTNaY4qS5X4rEz0nzKYRtWUmaqFJpYn,wanting to tell my 5 year old about same sex relationships,Action: wanting to tell my 5 year old about same sex relationships
9674,LExd9ENQicLfAeMjlgGurPK60MsocPfZ,indirectly profiting off the venezuelan crisis,Action: indirectly profiting off the venezuelan crisis
2628,5o3DqXkTjtVXMpDvcoTdBGeu82fzGrGZ,microwaving a ham sandwich,Action: microwaving a ham sandwich
19674,h6WuBbB0AAyikzKyVaCPLWnas4Ztcj8f,not going to breakfast with my girlfriends roommates after we having another very intense fight about my lack of eating and sleeping due to a hypomanic episode,Action: not going to breakfast with my girlfriends roommates after we having another very intense fight about my lack of eating and sleeping due to a hypomanic episode
13024,SUHkIbfmBDBbEZgJNI6D53GmY7Eh33kZ,not disclosing I get cold sores,Action: not disclosing I get cold sores
3779,8LR5bH89Yl1KUs9vpRFRF87DvRGlQ5JP,expecting my fiancé to wear a wedding ring when we get married even though he doesn't have a hand,Action: expecting my fiancé to wear a wedding ring when we get married even though he doesn't have a hand
21018,k6uNWUt8UfR7fi3U7kNupsohiEgemcEm,not liking my bf's friends? a few weeks ago I was meeting my boyfriend and his two friends (a couple) at a concert around 8 or 9pm,Action: not liking my bf's friends? a few weeks ago I was meeting my boyfriend and his two friends (a couple) at a concert around 8 or 9pm
17234,bpSjUPY6STon410HXTMuzcO8swF92q2F,paying with Paypal,Action: paying with Paypal
10547,NAooFHBOgtSccWYGzTfo7v6EyETL2CNF,responding to my exes text when I dunno if I want to re date him? what should I do or think about my ex randomly reaching out to me,Action: responding to my exes text when I dunno if I want to re date him? what should I do or think about my ex randomly reaching out to me
1465,3KL3VrdSt0KwA5JaSahy5h28wVmpuJX7,"thinking that it's utterly disgusting to openly fart all the time, smell or not","Action: thinking that it's utterly disgusting to openly fart all the time, smell or not"
17966,dSAy7UDsTnphsRqMy0dPtuDTwAy1Rqb0,arguing with my boyfriend over true detective,Action: arguing with my boyfriend over true detective
19034,fjG8iivoNd22nC2Sj0Yun8FZAuqW40YL,being upset that my best friend gifted me a mug for my birthday when we got her tickets for a weekend in London for hers,Action: being upset that my best friend gifted me a mug for my birthday when we got her tickets for a weekend in London for hers
26972,x5PrUIbmwcb2OEtPZNTNL1HJHfrVF3ky,cheating in an art contest,Action: cheating in an art contest
12372,QzheDO5ltEupGomhiGlX2uQ7GN99Uoji,practicing Piano in metro,Action: practicing Piano in metro
20522,j1UQWmlb89qxv1c4ozXgTETrqo1pd2UK,encouraging my depressed son to go to college 1500 miles from home,Action: encouraging my depressed son to go to college 1500 miles from home
18554,eiyZcuuOmy0Uiy3niE5YeqPFBxOAOcPq,not wanting to spot someone on the bench press because I wouldn't be able to lift his weight,Action: not wanting to spot someone on the bench press because I wouldn't be able to lift his weight
22546,nOpDdw2efpL6pdRQq4G6ZoKvg5Hi3iga,saying that my little brother's basketball isn't good after a game,Action: saying that my little brother's basketball isn't good after a game
15397,Xfeo6a60E6H0ZLCu9ebi5Mj6CFcwAFL0,giving people at my school beanboozled jelly beans,Action: giving people at my school beanboozled jelly beans
26848,wqxbx0ECeEzbKwtKHEpuZVP80lxPkucp,quitting my job as a women's track&field coach because of false allegations made by one parent (now dropped)? I feel like I'm letting down multiple kids for the fault of one person,Action: quitting my job as a women's track&field coach because of false allegations made by one parent (now dropped)? I feel like I'm letting down multiple kids for the fault of one person
1802,40MhZgm9Ph2rMpcG8kLrGxwVO8Va0UvR,allowing men to stay with me in a hotel room I already said other women in my program could also stay in,Action: allowing men to stay with me in a hotel room I already said other women in my program could also stay in
25647,uBTqygNFFn8cY0Kge7HgjUOpQoGNYJp6,expecting a level of competency from my town leaders and admins,Action: expecting a level of competency from my town leaders and admins
11664,PV4zTWLpnm4K1fEDIlfZ0wW9n1GWaDGl,pointing out a menorah to a jewish girl while we were going out,Action: pointing out a menorah to a jewish girl while we were going out
3025,6d32YIkjuQ3OVId1f40b5t0n2JvVQDPM,making a meme page about my teacher who's husband died a few years back,Action: making a meme page about my teacher who's husband died a few years back
17577,cZSk50kH0o8Cu3ZfeEdT7VExDVWOEWtJ,buying expensive antiques at a yardsale for a cheap price because the owner had no idea of its value,Action: buying expensive antiques at a yardsale for a cheap price because the owner had no idea of its value
8198,I3XotxDgHVrgWhFBxGuQllltpn0Mbfnq,not wanting/letting my dog lay all over me during a fucking car ride? he keeps moving around on me and can never find the most comfortable position,Action: not wanting/letting my dog lay all over me during a fucking car ride? he keeps moving around on me and can never find the most comfortable position
6695,EiR56O3DSeF4L2wxlPCRgIY5XeKqbMEV,thinking you shouldn't sign up to be a bone marrow donor if you have no intention of going through with it,Action: thinking you shouldn't sign up to be a bone marrow donor if you have no intention of going through with it
15618,YAnyhWXz7gXfYGzsdVyxsNXjyCLawfIT,telling someone who recently had something stolen from them to have some trust,Action: telling someone who recently had something stolen from them to have some trust
14051,UiqSwJfGX5OUY42S4DA5W7LDNpOsit2y,jot going to work 2x when yesterday was -50 and today is -25,Action: jot going to work 2x when yesterday was -50 and today is -25
22288,mrMB0vDM5wgC6bX37gNQ1yxZ3ySXIQR4,threatening legal actions for unfinished work,Action: threatening legal actions for unfinished work
18439,eSiTlEM5OwRa1g6zmbpkZPW11UNc2o2P,"being mean and viciously shit-talk people on the internet, but textually abusing everyone, whereas on reddit being common place for people to only be shitty assholes to the 'unpopular' people","Action: being mean and viciously shit-talk people on the internet, but textually abusing everyone, whereas on reddit being common place for people to only be shitty assholes to the 'unpopular' people"
19605,gwlXR7wm91doAYGJgd5IfP7MBZENP2U2,scolding scooter riders on the wwii memorial,Action: scolding scooter riders on the wwii memorial
5378,BpUBWLUwrdvl5iRA4UMYNUl1YN2LpAuh,making a boxing trainee angry by correcting her moves but she thought I was grilling her,Action: making a boxing trainee angry by correcting her moves but she thought I was grilling her
25820,uYRYXfksrDS17QTTh1ogMBrpkoCKcvBI,asking a indian guy if he compares himself to Ghandi,Action: asking a indian guy if he compares himself to Ghandi
23043,oTMYtoHqNiLz7CkwPCYKefNmbXfMS6t7,going to a different tattoo artist at the same shop as my previous artist,Action: going to a different tattoo artist at the same shop as my previous artist
9945,LrtBFBz19XEBgRUjDnNCYpVGqsjkaXg2,choosing not to attend a rafting trip with coworkers because I don't want to bring my spouse along,Action: choosing not to attend a rafting trip with coworkers because I don't want to bring my spouse along
28285,zyLYjR1Kt8VR6xkJfMPCnkR9gkczHA2X,wishing that all people who get behind the wheel or under the influence of any kind of drugs or narcotics would actually die while driving so that they don't ever risk hurting another innocent person,Action: wishing that all people who get behind the wheel or under the influence of any kind of drugs or narcotics would actually die while driving so that they don't ever risk hurting another innocent person
20337,iYLhNHFUy6Tvqp4hM3tvttdOhbGdzZE9,being upset parents took a baby to a touring production of the Sound of Music,Action: being upset parents took a baby to a touring production of the Sound of Music
17616,ceHHgTaFqYa3MjFZjcRtGcoA53b7WoPL,convincing a homeless man in Baltimore to move to Florida,Action: convincing a homeless man in Baltimore to move to Florida
23693,pxFN2ipjUPd2URVRk7Y3iH6nu6Jw6gY5,asking to turn AirDrop off,Action: asking to turn AirDrop off
22382,n1LCG7OKEdODVL9SoCIHO7kghmRwwBY1,"having a secret set of utensils because my roommate is absolutely terrible at cleaning ""our"" set","Action: having a secret set of utensils because my roommate is absolutely terrible at cleaning ""our"" set"
24062,qlnyCK81nT9N2qV0fHIVWAN2ezevMqOS,not wanting to cook a turkey on thanksgiving for 4 people,Action: not wanting to cook a turkey on thanksgiving for 4 people
20171,iCvmhPwZpQC0d2KjkA1y0v5dshQ3Y2fE,wanting to go cheap on fixing my shared fence,Action: wanting to go cheap on fixing my shared fence
16170,ZSTqQOAhXW8GKz5M1QXbsruk7wAH7BLH,not wanting governments to support curing of diseases such as SMA,Action: not wanting governments to support curing of diseases such as SMA
682,1Y3lAdB1qPRAIkU4YYJg86wQ3xN0GNM8,unknowingly pressuring my gf to have sex because I felt pressured to have sex,Action: unknowingly pressuring my gf to have sex because I felt pressured to have sex
8891,JZ5eDq76bavfS7VaYD6wU9kpn2YyEVPy,asking lots of questions during class,Action: asking lots of questions during class
15729,YPHaKY8YHwB2cEocwVmkaAN9QFr9g1La,"offering costumes to my neighbour for World Book Day after she said she ""suggested"" to her daughter to pick a character who wears normal clothes","Action: offering costumes to my neighbour for World Book Day after she said she ""suggested"" to her daughter to pick a character who wears normal clothes"
26608,wLvYmCFfiEzgv0sxyB4zdZlf5MdKZr8y,not piggybacking through the gate of a gated community when I'm making a food delivery and that customer didn't give me a gate code,Action: not piggybacking through the gate of a gated community when I'm making a food delivery and that customer didn't give me a gate code
3011,6a8dGwTAm6V7BBl1TT3cAACmBBWkiASF,"refusing to go to church and as punishment my room gets searched, bong broken and weed flushed","Action: refusing to go to church and as punishment my room gets searched, bong broken and weed flushed"
28022,zRviLTuCNefzxQoN1CiEel2pz3y0vBju,going to the hospital at 3 in the Morning for kidney pains,Action: going to the hospital at 3 in the Morning for kidney pains
19919,heJuHel5W5bxJYztj1NxuYUMoxUW5QnG,only using tinder for validation,Action: only using tinder for validation
19522,glOxLsn1izV2y89qtVzsGNRMY963mHAd,asking my wife if nearly 2 years how to get her to like living here more than she has,Action: asking my wife if nearly 2 years how to get her to like living here more than she has
13785,U6zGd8gA0Aq83Aa790QV92dxJYmUIJuH,wanting to play red dead redemption 2,Action: wanting to play red dead redemption 2
21222,kYooftTxy3evZa4T25y7cKH9Gz435C8u,having my overweight 8 year old daughter get on the scale every couple of weeks to monitor her weight,Action: having my overweight 8 year old daughter get on the scale every couple of weeks to monitor her weight
745,1hW7Uc7TO4r1Mvku5ntvYZHLDtSp9zUh,"submitting 8 movies to one subreddit in less than 24 hours where the rules say ""you may submit no more than 10 movies in 24 hours""","Action: submitting 8 movies to one subreddit in less than 24 hours where the rules say ""you may submit no more than 10 movies in 24 hours"""
16856,b1m4cszVrzwBdyoKaJZSWanO4YdU0BZC,"telling a clingy, ""humble"" narcissist that I want to be left alone, even when he has health issues","Action: telling a clingy, ""humble"" narcissist that I want to be left alone, even when he has health issues"
8512,IkNrFRW792nRRznIQBFPjCjUQIA0kPw0,seeing a video of this guy video taping himself giving sandwiches to homeless people and commenting that he was vain,Action: seeing a video of this guy video taping himself giving sandwiches to homeless people and commenting that he was vain
26502,w69hNSTIbBam149YEOqyG4bzC04uYLqK,rather taking an elective I am interested in than a women's studies course,Action: rather taking an elective I am interested in than a women's studies course
11923,Q2hyjxMYEwiYAa8X4kLZOfmbykbLerdW,overlapping romantic relationships,Action: overlapping romantic relationships
27628,yWlACRvtBftomT1hbqhZVeDUutHuVE7n,pulling my daughters ear after she pulled the dogs,Action: pulling my daughters ear after she pulled the dogs
15048,WwnM7nuGs5DXW2u9nZTFdsqEn9eFhfIr,telling my bf that maths is used in engineering,Action: telling my bf that maths is used in engineering
6885,F3gnu4yNq2Ou4QhFpSUcN6tA5oVRwsce,spraying weed killer in my yard,Action: spraying weed killer in my yard
19853,hUpGk9E6uUMz49M7yTCbm9ZvZZsy6ZjF,refusing to pay for the cremation of an animal I accidentally killed,Action: refusing to pay for the cremation of an animal I accidentally killed
5366,BmSei9MLHf7mKs0Ge3Vri5PYRVGqTGIL,thinking that Looks and character are equally important when u start dating,Action: thinking that Looks and character are equally important when u start dating
19762,hIbnBqiqDwHK3f8ivvPpgxjVyK771kCX,"screaming at my little brother in the middle of a restaurant because I didn't appreciate he and his friends chanting ""this is MAGA country!""","Action: screaming at my little brother in the middle of a restaurant because I didn't appreciate he and his friends chanting ""this is MAGA country!"""
13867,UJJM1vg4k34W9T15iV5QGkNhDwb8Zs6u,accidentally roasting the band Smashmouth,Action: accidentally roasting the band Smashmouth
1592,3aU67YEhM4g5aUq3WcvCC6lImv2c6OF1,being in a bad mood after grandpa was diagnosed with prostate cancer,Action: being in a bad mood after grandpa was diagnosed with prostate cancer
11710,PamGXxDet2BuBNFJGjos03r4tqWjA6jN,getting terse with coworkers/manager expecting me to figure out shifts for them after my bf's dad died,Action: getting terse with coworkers/manager expecting me to figure out shifts for them after my bf's dad died
25151,t8ftSyKwGczjhfqLOixRENTR787ZjhhN,asking if there are extra tickets,Action: asking if there are extra tickets
27988,zOMC1JrTXzrh1o60Wvh4SUHKf3PoSbfm,thinking all mexican immigrants should try and learn English,Action: thinking all mexican immigrants should try and learn English
22024,mINN75eHQrODUjgwOwkqp9VftiAyLOcE,not seeing a fuchsia coat as a pink coat,Action: not seeing a fuchsia coat as a pink coat
27396,y4sG0velWoc7qRZ3W7cnUBlbGVo6uafr,"wearing a thong on the beach even though I'm a ""bigger"" girl...it caused a fight that's lasted over a month among my family","Action: wearing a thong on the beach even though I'm a ""bigger"" girl...it caused a fight that's lasted over a month among my family"
7077,FRW4a4osAXgezYttB54jhdyHpqlO6aOh,being content with my current job,Action: being content with my current job
25666,uE0aadNGu6Z3uf6cykFhhneLCSBvzCds,trying to collect data for a scientific experiment,Action: trying to collect data for a scientific experiment
3756,8I5wlL89uUcSdAW4LIoic7OIthGvti2a,leaving the guild,Action: leaving the guild
22520,nLO5HErCbSNbkUMco3QZnQV8voBHh6TE,"coming home late when the whole family has to wake up early tomorrow, but my dad said that I could be out as late as I want","Action: coming home late when the whole family has to wake up early tomorrow, but my dad said that I could be out as late as I want"
26071,v7Z9mYUE8D60ifLcgKgAoeeDsfbdpxxN,letting my friend's girlfriend know that the iq test she took online was phony? this is after years of her believing that she's a genius because of it,Action: letting my friend's girlfriend know that the iq test she took online was phony? this is after years of her believing that she's a genius because of it
9427,Kk2bZp03J87jRlVsJr6oEylDnEYxuxqP,trying to sell an original Xbox for $50 cad,Action: trying to sell an original Xbox for $50 cad
27763,yqk9ZSYu3Vd9A6sUBIGPLJ0mTCxcsv74,hiding my controller,Action: hiding my controller
9166,KA9lEde2Vi0AOkuWXkpKBroCcovHiOex,changing the passwords to my streaming services,Action: changing the passwords to my streaming services
8948,Jg4DHdilz54V0k3sVx3pPnOpe76Gl68V,telling a child she would never find Dory,Action: telling a child she would never find Dory
1999,4QKB3UnzqZ9ahsylg8Z5ARVxSyK4dMAN,saying that just because someone does not believe in Heaven does not mean that they do not go to Heaven? I am an agnostic,Action: saying that just because someone does not believe in Heaven does not mean that they do not go to Heaven? I am an agnostic
17858,dDOKo6w7bBK2wz00JfzsnR9wPCXezRw4,making my african american intern work on MLK Jr Day? she was one of three picked at random,Action: making my african american intern work on MLK Jr Day? she was one of three picked at random
16103,ZJb62BwJWMaX1XzpeSzvPh9D3gUK4BgF,finding my Father's biological family through dna against his knowledge,Action: finding my Father's biological family through dna against his knowledge
3829,8QhCnmmBiJThiaSnLEHNKSU39B44EbiE,buying an electronic noisy toy for a 2nd birthday party gift,Action: buying an electronic noisy toy for a 2nd birthday party gift
24722,sAncD1RuOUwMddeq6zDRDw3mLEbJqtyw,claiming my friend as a dependent and using the return for bills/debt,Action: claiming my friend as a dependent and using the return for bills/debt
18394,eLeCMZ7Q23MsnuTSOaPt2mna1LHOBlOs,going out to lunch with an old acquaintance and using a gift card to pay for myself but not offering to pay for theirs even though they know I was just gifted a large amount on the gift card,Action: going out to lunch with an old acquaintance and using a gift card to pay for myself but not offering to pay for theirs even though they know I was just gifted a large amount on the gift card
1264,2s6HTLXM2zBC02Jtacykv68phiz8wDFn,wanting my so to take a shower after handling animals? I have terrible eczema,Action: wanting my so to take a shower after handling animals? I have terrible eczema
24423,rZFe8oxu1udD6ktNrCYzgOekfz86TDkw,jumping 3 people in line at the petrol station,Action: jumping 3 people in line at the petrol station
2737,60yWARLJomgez7F44jBPNpG0eWDlOcp5,feeling happy when other women flirt with me? I have a girlfriend,Action: feeling happy when other women flirt with me? I have a girlfriend
4581,A0TIr80G8Sva5iQZfpqNrdkVhvBeeMTD,not knowing what the term celebration of life means,Action: not knowing what the term celebration of life means
12399,R2JSt8DXOJ3N9JA2wkDjhbkVjDvzY4O0,being grateful to a Nazi for saving my families life,Action: being grateful to a Nazi for saving my families life
10614,NLbe3GfXEOj4UufMqDnTLHGPx71N0XCA,secrelty being upset my 19 year old friend decided to keep her accidental pregnancy?​,Action: secrelty being upset my 19 year old friend decided to keep her accidental pregnancy?​
9027,Jrt4Sj7MQBGoerGv4REcUTepcT3rnIkl,"singling out, embarrassing, and causing a coworker to become ostracized because she misused the it service","Action: singling out, embarrassing, and causing a coworker to become ostracized because she misused the it service"
13627,TnMwIRXIr5ajTsafTApizmYrFBZSVPHB,using the warranty on a product that I broke by accident,Action: using the warranty on a product that I broke by accident
7498,GS1KDEKIwvyg4NP7wLmVIycoCl9KAuJ8,telling my girlfriend to listen to Freebird when I broke up with her because it basically explained what I was going through,Action: telling my girlfriend to listen to Freebird when I broke up with her because it basically explained what I was going through
18873,fO3OBYH0EWVh9FBROYd6l90N4VmEOrm1,dosing food with LSD and keeping it in my room that my friend then found and ate,Action: dosing food with LSD and keeping it in my room that my friend then found and ate
8282,IDjLQvnzP2VqH6QSMTH36wsvFJemLCUG,trying to play with my Legos with the lights on,Action: trying to play with my Legos with the lights on
22328,mwGipb5WZY5atgLHgKXkpFo91GvQlidO,"telling the older brother(OB) of two younger kids (K1-6yrs old, K2-3yrs old) to make sure his brothers are not running into the street","Action: telling the older brother(OB) of two younger kids (K1-6yrs old, K2-3yrs old) to make sure his brothers are not running into the street"
21011,k6B79F60eP3xf9fjTT1dLDXhgSzXPcZu,not including my friend's rabbit on a bingo card,Action: not including my friend's rabbit on a bingo card
21280,kf9RDjP3f0OT1juXRNgFUZ6do5tDMiEy,getting excited when I do well in tests and kind of upset for when I do badly,Action: getting excited when I do well in tests and kind of upset for when I do badly
11967,Q8q5XuxSlmroWzKvCrNGazt0ihvgxBnE,thinking Chris Benoit deserves to be in the hall of fame,Action: thinking Chris Benoit deserves to be in the hall of fame
27489,yFt1tDCXEzzSsCnt4UMz2s32aymblcGm,wanting to instill a fear of flying into my 5 and 2 year old daughters,Action: wanting to instill a fear of flying into my 5 and 2 year old daughters
3766,8JWIwAS8jLqpZE9ByQdOAc6AduBmR9DQ,writing an opinion piece in the school newspaper defending eugenics,Action: writing an opinion piece in the school newspaper defending eugenics
4840,AbVX8Wcxh7zW2UwdItiHO5s2WpDXrKiC,adding a friend on Snapchat and Instagram and my gf is jealous,Action: adding a friend on Snapchat and Instagram and my gf is jealous
11520,PEw2j5BZkyC0JWsEuH73y4RMFIMGWAsN,writing 'TRUMP 2024' on our car as an April Fool's joke,Action: writing 'TRUMP 2024' on our car as an April Fool's joke
2111,4gMB56EMgKrDauADb9tYi1zKq3WY3nlh,assuming a woman wasn't going to stop to let an older lady into a building,Action: assuming a woman wasn't going to stop to let an older lady into a building
17863,dEGTAsxz3FmiVgtrnaVUtWRkTbPz23IG,complimenting a black girl on her hair,Action: complimenting a black girl on her hair
10855,NpUR4bWRCHvda0aoFXM4q9h916hHGzHp,using a group text,Action: using a group text
27820,z0FtNZaoO86zAFbUgHtgHCvePraE7T1s,asking a mexican woman where to find empanada dough,Action: asking a mexican woman where to find empanada dough
18984,fcKlbXajz5reNVr7W6GxATIXSGNmdUZI,wanting a flight home after a company I interviewed with flew me out via standby travel and flights were too full to get back,Action: wanting a flight home after a company I interviewed with flew me out via standby travel and flights were too full to get back
1798,3zpbFXK064SLZPCzHhg0WCXHqzySoA5V,"encouraging people to report people who frequently make ""dark jokes"" to the authorities","Action: encouraging people to report people who frequently make ""dark jokes"" to the authorities"
3658,81VAhzdFjWaQ0C2a5lBm7lL7HUmRoa2A,making money from an app talking to guys (non sexual) & having no emotional connection towards them. bf calls me a whore constantly since I've confessed. holds this against me and it's been a year since I've quit it,Action: making money from an app talking to guys (non sexual) & having no emotional connection towards them. bf calls me a whore constantly since I've confessed. holds this against me and it's been a year since I've quit it
24487,rfurzooEwQLS1sC0DZrs7bHSoIZ0RqZb,saying a 4 year old russian girl can't fluently speak 7 languages,Action: saying a 4 year old russian girl can't fluently speak 7 languages
13681,TsuozVMKE8HsPxPvXrFujfcm9cTVpSw9,saying recruitment policy at my company is sexist against men,Action: saying recruitment policy at my company is sexist against men
12367,QzMW9xmLRX8JQXGqOYMAuQunwpIaoxFM,"thinking I am? yesterday I mentioned the words ""brother"" and ""suicide"" in random conversation with a good friend whose brother recently killed himself","Action: thinking I am? yesterday I mentioned the words ""brother"" and ""suicide"" in random conversation with a good friend whose brother recently killed himself"
3185,6xdsnnZf4F5RhpMHC4xK05hzQS7jQnVm,"wanting to split up with my so because my physical attraction to her has diminished, and being honest if she asks why? this woman is otherwise perfect (career, stable, caring, etc.) I'm a solid 8/10 overall, I don't think my standards are too high, I know looks fade, etc","Action: wanting to split up with my so because my physical attraction to her has diminished, and being honest if she asks why? this woman is otherwise perfect (career, stable, caring, etc.) I'm a solid 8/10 overall, I don't think my standards are too high, I know looks fade, etc"
9049,JvGuq06Dpq3P7vSVuZqCM4MuYIskm9dl,calling out an indie game developer for going on vacation while releasing and charging money for unfinished/unpolished content,Action: calling out an indie game developer for going on vacation while releasing and charging money for unfinished/unpolished content
24363,rQa1Q4PFTCAjChKIxji8O8ngmFOnQg2q,being alarmed that ex-wife got engaged to an unknown guy that hasn't met our three kids we have joint custody of,Action: being alarmed that ex-wife got engaged to an unknown guy that hasn't met our three kids we have joint custody of
26605,wLgvfvwB41RDXoqyrd7cDRafMaYHDWuy,going to a school dance with someone else because my current date has injured his leg to the point of surgery,Action: going to a school dance with someone else because my current date has injured his leg to the point of surgery
13332,TA9OnRESWOC7ubfZIog7k13oDLoaW1wL,having a dildo twice the length and girth of my boyfriend's penis,Action: having a dildo twice the length and girth of my boyfriend's penis
21531,lCWtDAB2LkNrZsm6j972Vjb7d98pZnRC,"correcting people that it's St Paddy's, not Patty's","Action: correcting people that it's St Paddy's, not Patty's"
4592,A1gGDU4n8nYDCpWArWaQaXNhrrx3ALh6,"recommending a friend to invest in Bitcoin, only for it to decrease ~50% in value the following month resulting in him losing thousands of dollars","Action: recommending a friend to invest in Bitcoin, only for it to decrease ~50% in value the following month resulting in him losing thousands of dollars"
15428,XjsQ30UchcOuQPRpnEz6yJcJV0yI1H0t,"telling a railway worker to ""have a fucking shit day""","Action: telling a railway worker to ""have a fucking shit day"""
6329,DxKP5hdjKcnYgIHaO9vyKyGT8P3ye4JH,adopting more cats,Action: adopting more cats
23715,q0J0v1yNy8ePbwoibA2Ieo4ERhrSWN3y,questioning the mods of Legal Advice why they would lock an update that's clearly asking for more help,Action: questioning the mods of Legal Advice why they would lock an update that's clearly asking for more help
7952,HSW5HCLUPDOUK7ZgO3NrPwTzm9l2gu5N,almost always sampling every frozen yogurt flavor when I go to the frozen yogurt shop,Action: almost always sampling every frozen yogurt flavor when I go to the frozen yogurt shop
21825,lqjRltLfYaH27YuSiVYVPV62JoMIuGCD,asking for GF's determination to come to the gym before offering her a free membership,Action: asking for GF's determination to come to the gym before offering her a free membership
25189,tEKl2sfzkuIJrGBSAz2VCU6Oxi8HtqeB,giving my professional opinion on a question asked in a subreddit for grocery store workers/customers,Action: giving my professional opinion on a question asked in a subreddit for grocery store workers/customers
20676,jLMaGyYLRXeMHhTTIUFSXljrHSoGTi99,voting to fire the cto of my startup 2 months before his vesting cliff,Action: voting to fire the cto of my startup 2 months before his vesting cliff
